CCAA,FECHA,CASOS,Hospitalizados,UCI,Fallecidos,Recuperados
AN,20/02/2020,0,0,0,0,0
AR,20/02/2020,0,0,0,0,0
AS,20/02/2020,0,0,0,0,0
CB,20/02/2020,0,0,0,0,0
CE,20/02/2020,0,0,0,0,0
CL,20/02/2020,0,0,0,0,0
CM,20/02/2020,0,0,0,0,0
CN,20/02/2020,0,0,0,0,0
CT,20/02/2020,0,0,0,0,0
EX,20/02/2020,0,0,0,0,0
GA,20/02/2020,0,0,0,0,0
IB,20/02/2020,0,0,0,0,0
MC,20/02/2020,0,0,0,0,0
MD,20/02/2020,0,0,0,0,0
ML,20/02/2020,0,0,0,0,0
NC,20/02/2020,0,0,0,0,0
PV,20/02/2020,0,0,0,0,0
RI,20/02/2020,0,0,0,0,0
VC,20/02/2020,0,26,0,0,0
AN,21/02/2020,0,0,0,0,0
AR,21/02/2020,0,0,0,0,0
AS,21/02/2020,0,0,0,0,0
CB,21/02/2020,0,0,0,0,0
CE,21/02/2020,0,0,0,0,0
CL,21/02/2020,0,0,0,0,0
CM,21/02/2020,0,0,0,0,0
CN,21/02/2020,0,0,0,0,0
CT,21/02/2020,0,0,0,0,0
EX,21/02/2020,0,0,0,0,0
GA,21/02/2020,0,0,0,0,0
IB,21/02/2020,0,0,0,0,0
MC,21/02/2020,0,0,0,0,0
MD,21/02/2020,0,0,0,0,0
ML,21/02/2020,0,0,0,0,0
NC,21/02/2020,0,0,0,0,0
PV,21/02/2020,0,0,0,0,0
RI,21/02/2020,0,0,0,0,0
VC,21/02/2020,0,30,1,0,0
AN,22/02/2020,0,0,0,0,0
AR,22/02/2020,0,0,0,0,0
AS,22/02/2020,0,0,0,0,0
CB,22/02/2020,0,0,0,0,0
CE,22/02/2020,0,0,0,0,0
CL,22/02/2020,0,0,0,0,0
CM,22/02/2020,0,0,0,0,0
CN,22/02/2020,0,0,0,0,0
CT,22/02/2020,0,0,0,0,0
EX,22/02/2020,0,0,0,0,0
GA,22/02/2020,0,0,0,0,0
IB,22/02/2020,0,0,0,0,0
MC,22/02/2020,0,0,0,0,0
MD,22/02/2020,0,0,0,0,0
ML,22/02/2020,0,0,0,0,0
NC,22/02/2020,0,0,0,0,0
PV,22/02/2020,0,0,0,0,0
RI,22/02/2020,0,0,0,0,0
VC,22/02/2020,0,33,1,0,0
AN,23/02/2020,0,0,0,0,0
AR,23/02/2020,0,0,0,0,0
AS,23/02/2020,0,0,0,0,0
CB,23/02/2020,0,0,0,0,0
CE,23/02/2020,0,0,0,0,0
CL,23/02/2020,0,0,0,0,0
CM,23/02/2020,0,0,0,0,0
CN,23/02/2020,0,0,0,0,0
CT,23/02/2020,0,0,0,0,0
EX,23/02/2020,0,0,0,0,0
GA,23/02/2020,0,0,0,0,0
IB,23/02/2020,0,0,0,0,0
MC,23/02/2020,0,0,0,0,0
MD,23/02/2020,0,0,0,0,0
ML,23/02/2020,0,0,0,0,0
NC,23/02/2020,0,0,0,0,0
PV,23/02/2020,0,0,0,0,0
RI,23/02/2020,0,0,0,0,0
VC,23/02/2020,0,38,2,0,0
AN,24/02/2020,0,0,0,0,0
AR,24/02/2020,0,0,0,0,0
AS,24/02/2020,0,0,0,0,0
CB,24/02/2020,0,0,0,0,0
CE,24/02/2020,0,0,0,0,0
CL,24/02/2020,0,0,0,0,0
CM,24/02/2020,0,0,0,0,0
CN,24/02/2020,1,0,0,0,0
CT,24/02/2020,0,0,0,0,0
EX,24/02/2020,0,0,0,0,0
GA,24/02/2020,0,0,0,0,0
IB,24/02/2020,0,0,0,0,0
MC,24/02/2020,0,0,0,0,0
MD,24/02/2020,0,0,0,0,0
ML,24/02/2020,0,0,0,0,0
NC,24/02/2020,0,0,0,0,0
PV,24/02/2020,0,0,0,0,0
RI,24/02/2020,0,0,0,0,0
VC,24/02/2020,0,49,2,0,0
AN,25/02/2020,0,0,0,0,0
AR,25/02/2020,0,0,0,0,0
AS,25/02/2020,0,0,0,0,0
CB,25/02/2020,0,0,0,0,0
CE,25/02/2020,0,0,0,0,0
CL,25/02/2020,0,0,0,0,0
CM,25/02/2020,0,0,0,0,0
CN,25/02/2020,3,0,0,0,0
CT,25/02/2020,1,0,0,0,0
EX,25/02/2020,0,0,0,0,0
GA,25/02/2020,0,0,0,0,0
IB,25/02/2020,0,0,0,0,0
MC,25/02/2020,0,0,0,0,0
MD,25/02/2020,1,0,0,0,0
ML,25/02/2020,0,0,0,0,0
NC,25/02/2020,0,0,0,0,0
PV,25/02/2020,0,0,0,0,0
RI,25/02/2020,0,0,0,0,0
VC,25/02/2020,1,58,2,0,0
AN,26/02/2020,1,0,0,0,0
AR,26/02/2020,0,0,0,0,0
AS,26/02/2020,0,0,0,0,0
CB,26/02/2020,0,0,0,0,0
CE,26/02/2020,0,0,0,0,0
CL,26/02/2020,0,0,0,0,0
CM,26/02/2020,0,0,0,0,0
CN,26/02/2020,1,0,0,0,0
CT,26/02/2020,1,0,0,0,0
EX,26/02/2020,0,0,0,0,0
GA,26/02/2020,0,0,0,0,0
IB,26/02/2020,0,0,0,0,0
MC,26/02/2020,0,0,0,0,0
MD,26/02/2020,4,0,0,0,0
ML,26/02/2020,0,0,0,0,0
NC,26/02/2020,0,0,0,0,0
PV,26/02/2020,0,0,0,0,0
RI,26/02/2020,0,0,0,0,0
VC,26/02/2020,1,63,3,0,0
AN,27/02/2020,5,0,0,0,0
AR,27/02/2020,0,0,0,0,0
AS,27/02/2020,0,0,0,0,0
CB,27/02/2020,0,0,0,0,0
CE,27/02/2020,0,0,0,0,0
CL,27/02/2020,2,0,0,0,0
CM,27/02/2020,0,0,0,0,0
CN,27/02/2020,0,0,0,0,0
CT,27/02/2020,1,0,0,0,0
EX,27/02/2020,0,0,0,0,0
GA,27/02/2020,0,0,0,0,0
IB,27/02/2020,0,0,0,0,0
MC,27/02/2020,0,0,0,0,0
MD,27/02/2020,4,0,0,0,0
ML,27/02/2020,0,0,0,0,0
NC,27/02/2020,0,0,0,0,0
PV,27/02/2020,0,0,0,0,0
RI,27/02/2020,0,0,0,0,0
VC,27/02/2020,6,73,3,0,0
AN,28/02/2020,2,0,0,0,0
AR,28/02/2020,0,0,0,0,0
AS,28/02/2020,0,0,0,0,0
CB,28/02/2020,0,0,0,0,0
CE,28/02/2020,0,0,0,0,0
CL,28/02/2020,0,0,0,0,0
CM,28/02/2020,0,0,0,0,0
CN,28/02/2020,0,0,0,0,0
CT,28/02/2020,2,0,0,0,0
EX,28/02/2020,0,0,0,0,0
GA,28/02/2020,0,0,0,0,0
IB,28/02/2020,1,0,0,0,0
MC,28/02/2020,0,0,0,0,0
MD,28/02/2020,10,0,0,0,0
ML,28/02/2020,0,0,0,0,0
NC,28/02/2020,0,0,0,0,0
PV,28/02/2020,2,0,0,0,0
RI,28/02/2020,0,0,0,0,0
VC,28/02/2020,2,78,3,0,0
AN,29/02/2020,4,0,0,0,0
AR,29/02/2020,0,0,0,0,0
AS,29/02/2020,1,0,0,0,0
CB,29/02/2020,1,0,0,0,0
CE,29/02/2020,0,0,0,0,0
CL,29/02/2020,1,0,0,0,0
CM,29/02/2020,1,0,0,0,0
CN,29/02/2020,1,0,0,0,0
CT,29/02/2020,1,0,0,0,0
EX,29/02/2020,4,0,0,0,0
GA,29/02/2020,0,0,0,0,0
IB,29/02/2020,0,0,0,0,0
MC,29/02/2020,0,0,0,0,0
MD,29/02/2020,7,0,0,0,0
ML,29/02/2020,0,0,0,0,0
NC,29/02/2020,1,0,0,0,0
PV,29/02/2020,1,0,0,0,0
RI,29/02/2020,0,0,0,0,0
VC,29/02/2020,5,85,3,0,0
AN,01/03/2020,0,0,0,0,0
AR,01/03/2020,0,0,0,0,0
AS,01/03/2020,0,0,0,0,0
CB,01/03/2020,9,0,0,0,0
CE,01/03/2020,0,0,0,0,0
CL,01/03/2020,0,0,0,0,0
CM,01/03/2020,2,0,0,0,0
CN,01/03/2020,0,0,0,0,0
CT,01/03/2020,9,0,0,0,0
EX,01/03/2020,2,0,0,0,0
GA,01/03/2020,0,0,0,0,0
IB,01/03/2020,0,0,0,0,0
MC,01/03/2020,0,0,0,0,0
MD,01/03/2020,25,0,0,0,0
ML,01/03/2020,0,0,0,0,0
NC,01/03/2020,0,0,0,0,0
PV,01/03/2020,6,0,0,0,0
RI,01/03/2020,1,0,0,0,0
VC,01/03/2020,0,88,3,0,0
AN,02/03/2020,0,0,0,0,0
AR,02/03/2020,0,0,0,0,0
AS,02/03/2020,0,0,0,0,0
CB,02/03/2020,0,0,0,0,0
CE,02/03/2020,0,0,0,0,0
CL,02/03/2020,5,0,0,0,0
CM,02/03/2020,4,0,0,0,0
CN,02/03/2020,0,0,0,0,0
CT,02/03/2020,0,0,0,0,0
EX,02/03/2020,0,0,0,0,0
GA,02/03/2020,0,0,0,0,0
IB,02/03/2020,0,0,0,0,0
MC,02/03/2020,0,0,0,0,0
MD,02/03/2020,42,0,0,0,0
ML,02/03/2020,0,0,0,0,0
NC,02/03/2020,0,0,0,0,0
PV,02/03/2020,4,0,0,0,0
RI,02/03/2020,1,0,0,0,0
VC,02/03/2020,0,93,3,0,0
AN,03/03/2020,0,0,0,0,0
AR,03/03/2020,0,0,0,0,0
AS,03/03/2020,2,0,0,0,0
CB,03/03/2020,0,0,0,0,0
CE,03/03/2020,0,0,0,0,0
CL,03/03/2020,3,0,0,0,0
CM,03/03/2020,5,0,0,0,0
CN,03/03/2020,0,0,0,0,0
CT,03/03/2020,0,0,0,0,0
EX,03/03/2020,0,0,0,0,0
GA,03/03/2020,1,0,0,0,0
IB,03/03/2020,3,0,0,0,0
MC,03/03/2020,0,0,0,0,0
MD,03/03/2020,46,0,0,0,0
ML,03/03/2020,0,0,0,0,0
NC,03/03/2020,2,0,0,0,0
PV,03/03/2020,4,0,0,0,0
RI,03/03/2020,5,0,0,0,0
VC,03/03/2020,4,105,5,0,0
AN,04/03/2020,0,0,0,0,0
AR,04/03/2020,1,0,0,0,0
AS,04/03/2020,1,0,0,0,0
CB,04/03/2020,0,0,0,0,0
CE,04/03/2020,0,0,0,0,0
CL,04/03/2020,0,0,0,0,0
CM,04/03/2020,1,0,0,0,0
CN,04/03/2020,1,0,0,0,0
CT,04/03/2020,9,0,0,0,0
EX,04/03/2020,0,0,0,0,0
GA,04/03/2020,0,0,0,0,0
IB,04/03/2020,1,0,0,0,0
MC,04/03/2020,0,0,0,0,0
MD,04/03/2020,54,0,0,0,0
ML,04/03/2020,0,0,0,0,0
NC,04/03/2020,0,0,0,0,0
PV,04/03/2020,0,0,0,0,0
RI,04/03/2020,10,0,0,0,0
VC,04/03/2020,0,117,6,0,0
AN,05/03/2020,9,0,0,0,0
AR,05/03/2020,5,0,0,0,0
AS,05/03/2020,1,0,0,0,0
CB,05/03/2020,0,0,0,0,0
CE,05/03/2020,0,0,0,0,0
CL,05/03/2020,3,0,0,0,0
CM,05/03/2020,2,0,0,0,0
CN,05/03/2020,3,0,0,0,0
CT,05/03/2020,0,0,0,0,0
EX,05/03/2020,0,0,0,0,0
GA,05/03/2020,2,0,0,0,0
IB,05/03/2020,0,0,0,0,0
MC,05/03/2020,0,0,0,0,0
MD,05/03/2020,112,0,0,0,0
ML,05/03/2020,0,0,0,0,0
NC,05/03/2020,0,0,0,0,0
PV,05/03/2020,28,0,0,0,0
RI,05/03/2020,12,0,0,0,0
VC,05/03/2020,11,130,8,0,0
AN,06/03/2020,6,0,0,0,0
AR,06/03/2020,5,0,0,0,0
AS,06/03/2020,2,0,0,0,0
CB,06/03/2020,0,0,0,0,0
CE,06/03/2020,0,0,0,0,0
CL,06/03/2020,0,0,0,0,0
CM,06/03/2020,0,0,0,0,0
CN,06/03/2020,0,0,0,0,0
CT,06/03/2020,0,0,0,0,0
EX,06/03/2020,0,0,0,0,0
GA,06/03/2020,0,0,0,0,0
IB,06/03/2020,0,0,0,0,0
MC,06/03/2020,0,0,0,0,0
MD,06/03/2020,203,0,0,0,0
ML,06/03/2020,0,0,0,0,0
NC,06/03/2020,0,0,0,0,0
PV,06/03/2020,0,0,0,0,0
RI,06/03/2020,18,0,0,0,0
VC,06/03/2020,0,138,8,0,0
AN,07/03/2020,7,0,0,0,0
AR,07/03/2020,0,0,0,0,0
AS,07/03/2020,1,0,0,0,0
CB,07/03/2020,2,0,0,0,0
CE,07/03/2020,0,0,0,0,0
CL,07/03/2020,8,0,0,0,0
CM,07/03/2020,0,0,0,0,0
CN,07/03/2020,6,0,0,0,0
CT,07/03/2020,25,0,0,0,0
EX,07/03/2020,0,0,0,0,0
GA,07/03/2020,2,0,0,0,0
IB,07/03/2020,2,0,0,0,0
MC,07/03/2020,1,0,0,0,0
MD,07/03/2020,221,0,0,0,0
ML,07/03/2020,0,0,0,0,0
NC,07/03/2020,0,0,0,0,0
PV,07/03/2020,25,0,0,0,0
RI,07/03/2020,23,0,0,0,0
VC,07/03/2020,7,146,9,0,0
AN,08/03/2020,20,0,1,0,11
AR,08/03/2020,2,0,3,3,0
AS,08/03/2020,2,0,2,0,0
CB,08/03/2020,0,0,0,0,0
CE,08/03/2020,0,0,0,0,0
CL,08/03/2020,1,0,2,0,0
CM,08/03/2020,11,0,2,0,2
CN,08/03/2020,5,0,0,0,4
CT,08/03/2020,10,16,5,2,2
EX,08/03/2020,1,0,0,0,1
GA,08/03/2020,1,0,2,0,0
IB,08/03/2020,3,0,1,0,2
MC,08/03/2020,3,0,0,0,0
MD,08/03/2020,263,0,53,16,0
ML,08/03/2020,0,0,0,0,0
NC,08/03/2020,0,0,1,0,0
PV,08/03/2020,79,0,5,6,2
RI,08/03/2020,32,0,1,0,0
VC,08/03/2020,0,153,9,1,1
AN,09/03/2020,17,0,1,0,0
AR,09/03/2020,25,0,3,1,0
AS,09/03/2020,11,0,2,0,1
CB,09/03/2020,0,0,0,0,0
CE,09/03/2020,0,0,0,0,0
CL,09/03/2020,33,0,2,0,0
CM,09/03/2020,13,0,3,0,0
CN,09/03/2020,3,0,1,0,1
CT,09/03/2020,23,31,7,0,3
EX,09/03/2020,1,0,0,0,0
GA,09/03/2020,16,0,2,0,0
IB,09/03/2020,2,0,1,0,1
MC,09/03/2020,5,0,0,0,0
MD,09/03/2020,503,0,77,5,109
ML,09/03/2020,0,0,0,0,0
NC,09/03/2020,9,0,2,0,0
PV,09/03/2020,46,0,5,0,0
RI,09/03/2020,53,0,1,1,0
VC,09/03/2020,13,171,10,0,0
AN,10/03/2020,19,32,3,0,0
AR,10/03/2020,7,22,3,0,0
AS,10/03/2020,16,12,2,0,0
CB,10/03/2020,0,0,0,0,0
CE,10/03/2020,0,0,0,0,0
CL,10/03/2020,15,14,2,0,0
CM,10/03/2020,32,0,5,0,0
CN,10/03/2020,12,10,1,0,0
CT,10/03/2020,41,50,8,1,1
EX,10/03/2020,1,2,1,1,0
GA,10/03/2020,13,7,2,0,0
IB,10/03/2020,3,8,1,0,0
MC,10/03/2020,2,4,0,0,0
MD,10/03/2020,703,0,102,10,48
ML,10/03/2020,0,0,0,0,0
NC,10/03/2020,34,10,3,0,0
PV,10/03/2020,30,102,15,0,0
RI,10/03/2020,30,13,1,1,1
VC,10/03/2020,15,200,12,0,0
AN,11/03/2020,25,50,4,0,0
AR,11/03/2020,19,28,3,2,0
AS,11/03/2020,8,12,2,1,0
CB,11/03/2020,4,3,0,0,6
CE,11/03/2020,0,0,0,0,0
CL,11/03/2020,21,24,2,0,0
CM,11/03/2020,44,39,9,1,0
CN,11/03/2020,14,15,3,0,0
CT,11/03/2020,79,74,16,3,6
EX,11/03/2020,10,2,1,0,2
GA,11/03/2020,0,7,2,0,0
IB,11/03/2020,6,8,2,1,0
MC,11/03/2020,15,5,1,0,0
MD,11/03/2020,724,0,135,25,0
ML,11/03/2020,0,0,0,0,0
NC,11/03/2020,27,17,3,0,0
PV,11/03/2020,121,146,18,5,0
RI,11/03/2020,35,21,1,0,0
VC,11/03/2020,11,232,15,0,0
AN,12/03/2020,104,92,8,0,0
AR,12/03/2020,16,30,3,1,0
AS,12/03/2020,17,16,2,0,0
CB,12/03/2020,13,3,0,0,1
CE,12/03/2020,0,0,0,0,0
CL,12/03/2020,77,25,4,0,1
CM,12/03/2020,79,78,10,4,0
CN,12/03/2020,19,15,3,0,0
CT,12/03/2020,147,137,22,3,7
EX,12/03/2020,20,3,1,0,0
GA,12/03/2020,50,15,2,0,0
IB,12/03/2020,6,9,2,0,0
MC,12/03/2020,9,8,2,0,0
MD,12/03/2020,782,1304,180,25,0
ML,12/03/2020,2,3,0,0,0
NC,12/03/2020,57,28,4,0,0
PV,12/03/2020,71,179,20,3,1
RI,12/03/2020,39,27,2,1,0
VC,12/03/2020,18,271,22,0,1
AN,13/03/2020,50,92,8,2,0
AR,13/03/2020,41,42,5,0,0
AS,13/03/2020,38,16,2,0,0
CB,13/03/2020,2,3,0,0,0
CE,13/03/2020,0,0,0,0,0
CL,13/03/2020,54,25,8,1,1
CM,13/03/2020,95,78,10,1,4
CN,13/03/2020,20,15,6,1,2
CT,13/03/2020,209,200,29,4,13
EX,13/03/2020,27,3,1,1,1
GA,13/03/2020,30,32,7,0,3
IB,13/03/2020,0,9,2,0,0
MC,13/03/2020,12,8,2,0,0
MD,13/03/2020,940,1518,180,5,317
ML,13/03/2020,1,3,0,0,0
NC,13/03/2020,16,28,4,0,0
PV,13/03/2020,104,179,22,0,3
RI,13/03/2020,33,38,2,0,0
VC,13/03/2020,36,307,29,3,0
AN,14/03/2020,168,92,8,4,0
AR,14/03/2020,26,59,5,0,0
AS,14/03/2020,45,16,3,0,0
CB,14/03/2020,20,3,0,0,3
CE,14/03/2020,1,0,0,0,0
CL,14/03/2020,69,45,8,2,1
CM,14/03/2020,112,78,10,4,0
CN,14/03/2020,19,15,6,0,0
CT,14/03/2020,184,287,40,2,7
EX,14/03/2020,29,8,1,0,0
GA,14/03/2020,80,32,8,2,1
IB,14/03/2020,14,9,2,0,0
MC,14/03/2020,24,13,2,0,0
MD,14/03/2020,899,2337,253,127,0
ML,14/03/2020,5,4,0,0,0
NC,14/03/2020,37,34,4,0,0
PV,14/03/2020,109,262,29,9,0
RI,14/03/2020,8,58,7,0,0
VC,14/03/2020,279,339,37,1,0
AN,15/03/2020,117,197,11,1,0
AR,15/03/2020,27,64,7,4,0
AS,15/03/2020,45,16,3,0,2
CB,15/03/2020,7,18,2,0,0
CE,15/03/2020,0,0,0,0,0
CL,15/03/2020,42,45,8,3,2
CM,15/03/2020,166,207,23,7,7
CN,15/03/2020,10,40,9,0,0
CT,15/03/2020,275,375,52,5,6
EX,15/03/2020,16,9,1,0,0
GA,15/03/2020,50,49,9,0,0
IB,15/03/2020,31,21,4,0,0
MC,15/03/2020,6,13,2,0,1
MD,15/03/2020,812,2337,253,0,0
ML,15/03/2020,0,4,0,0,0
NC,15/03/2020,91,58,5,1,0
PV,15/03/2020,0,262,29,0,0
RI,15/03/2020,12,64,13,1,1
VC,15/03/2020,0,390,47,0,0
AN,16/03/2020,129,229,13,4,0
AR,16/03/2020,33,74,9,1,0
AS,16/03/2020,46,34,5,0,0
CB,16/03/2020,0,18,2,0,0
CE,16/03/2020,0,0,0,0,0
CL,16/03/2020,97,95,24,6,0
CM,16/03/2020,0,207,23,0,0
CN,16/03/2020,29,56,13,1,1
CT,16/03/2020,397,525,73,3,13
EX,16/03/2020,42,18,2,1,1
GA,16/03/2020,47,49,9,1,3
IB,16/03/2020,19,26,4,0,0
MC,16/03/2020,20,18,3,0,0
MD,16/03/2020,1259,3710,340,142,477
ML,16/03/2020,9,4,0,0,0
NC,16/03/2020,39,72,10,1,0
PV,16/03/2020,135,309,33,13,6
RI,16/03/2020,43,82,13,1,0
VC,16/03/2020,132,456,52,8,10
AN,17/03/2020,176,319,21,8,38
AR,17/03/2020,19,81,9,1,0
AS,17/03/2020,44,45,5,0,1
CB,17/03/2020,10,25,3,1,0
CE,17/03/2020,0,0,0,0,0
CL,17/03/2020,237,281,43,10,0
CM,17/03/2020,108,277,29,11,3
CN,17/03/2020,33,73,17,1,0
CT,17/03/2020,452,679,101,10,21
EX,17/03/2020,41,27,3,3,1
GA,17/03/2020,49,63,12,0,0
IB,17/03/2020,20,29,4,0,3
MC,17/03/2020,25,22,4,0,0
MD,17/03/2020,1946,3778,491,35,0
ML,17/03/2020,3,4,0,0,0
NC,17/03/2020,73,93,10,1,0
PV,17/03/2020,208,353,37,4,3
RI,17/03/2020,64,99,13,0,0
VC,17/03/2020,185,530,65,9,4
AN,18/03/2020,149,384,25,4,0
AR,18/03/2020,55,101,14,2,0
AS,18/03/2020,56,61,6,0,0
CB,18/03/2020,15,40,4,0,0
CE,18/03/2020,0,0,0,0,0
CL,18/03/2020,200,362,54,7,22
CM,18/03/2020,126,313,37,14,12
CN,18/03/2020,39,82,23,0,1
CT,18/03/2020,836,825,118,20,24
EX,18/03/2020,47,36,3,2,0
GA,18/03/2020,112,100,15,1,0
IB,18/03/2020,57,31,7,1,2
MC,18/03/2020,45,36,6,0,0
MD,18/03/2020,1749,5168,590,108,0
ML,18/03/2020,3,4,0,0,0
NC,18/03/2020,96,132,11,1,0
PV,18/03/2020,217,455,44,13,4
RI,18/03/2020,49,121,15,0,0
VC,18/03/2020,195,647,85,2,3
AN,19/03/2020,279,501,38,7,3
AR,19/03/2020,79,127,28,2,0
AS,19/03/2020,133,87,7,1,8
CB,19/03/2020,61,61,7,0,0
CE,19/03/2020,4,0,0,0,0
CL,19/03/2020,279,476,69,14,10
CM,19/03/2020,243,313,37,0,0
CN,19/03/2020,67,115,25,1,0
CT,19/03/2020,568,994,175,40,44
EX,19/03/2020,56,44,4,2,1
GA,19/03/2020,125,138,19,1,1
IB,19/03/2020,34,48,10,0,4
MC,19/03/2020,37,47,11,0,0
MD,19/03/2020,2043,6338,678,130,245
ML,19/03/2020,1,5,1,0,0
NC,19/03/2020,72,172,19,1,1
PV,19/03/2020,275,550,53,18,3
RI,19/03/2020,29,122,15,2,11
VC,19/03/2020,184,777,101,9,1
AN,20/03/2020,228,605,53,10,0
AR,20/03/2020,64,192,33,5,0
AS,20/03/2020,76,133,12,3,4
CB,20/03/2020,71,92,9,1,1
CE,20/03/2020,0,0,0,0,0
CL,20/03/2020,319,629,85,12,17
CM,20/03/2020,379,635,65,42,11
CN,20/03/2020,61,139,29,3,0
CT,20/03/2020,933,1681,271,29,45
EX,20/03/2020,57,65,6,2,1
GA,20/03/2020,161,168,29,4,1
IB,20/03/2020,43,60,14,2,1
MC,20/03/2020,36,61,14,1,0
MD,20/03/2020,2323,7388,767,176,356
ML,20/03/2020,1,8,1,0,0
NC,20/03/2020,110,222,25,4,0
PV,20/03/2020,260,654,71,14,144
RI,20/03/2020,67,128,17,8,5
VC,20/03/2020,258,947,129,17,5
AN,21/03/2020,210,724,55,7,2
AR,21/03/2020,108,241,45,2,3
AS,21/03/2020,44,171,15,3,4
CB,21/03/2020,67,116,9,3,0
CE,21/03/2020,0,0,0,0,0
CL,21/03/2020,278,798,106,19,35
CM,21/03/2020,396,838,76,28,10
CN,21/03/2020,66,150,32,2,0
CT,21/03/2020,843,1917,290,21,55
EX,21/03/2020,30,87,8,2,0
GA,21/03/2020,176,227,35,3,10
IB,21/03/2020,85,79,14,0,6
MC,21/03/2020,56,78,16,0,0
MD,21/03/2020,1670,8441,834,217,357
ML,21/03/2020,0,12,1,0,0
NC,21/03/2020,130,288,30,5,3
PV,21/03/2020,372,988,81,12,51
RI,21/03/2020,90,134,17,3,0
VC,21/03/2020,241,1136,152,19,5
AN,22/03/2020,236,865,77,11,12
AR,22/03/2020,106,298,52,8,27
AS,22/03/2020,68,194,22,4,1
CB,22/03/2020,65,157,14,1,0
CE,22/03/2020,1,0,0,0,0
CL,22/03/2020,311,977,120,28,28
CM,22/03/2020,259,1547,142,33,3
CN,22/03/2020,67,172,32,2,0
CT,22/03/2020,701,2158,308,56,155
EX,22/03/2020,109,131,13,4,0
GA,22/03/2020,293,270,47,6,3
IB,22/03/2020,69,87,27,6,1
MC,22/03/2020,49,80,23,1,0
MD,22/03/2020,1502,9561,942,242,164
ML,22/03/2020,3,12,1,0,0
NC,22/03/2020,92,339,40,10,3
PV,22/03/2020,324,1252,92,23,67
RI,22/03/2020,93,166,22,4,0
VC,22/03/2020,297,1311,181,25,6
AN,23/03/2020,509,1132,102,29,16
AR,23/03/2020,120,384,66,5,0
AS,23/03/2020,107,224,23,10,9
CB,23/03/2020,78,200,16,3,1
CE,23/03/2020,0,0,0,0,0
CL,23/03/2020,405,1197,137,22,23
CM,23/03/2020,387,1826,182,71,2
CN,23/03/2020,76,207,36,5,1
CT,23/03/2020,2117,3209,471,94,229
EX,23/03/2020,143,161,20,8,2
GA,23/03/2020,207,338,55,2,0
IB,23/03/2020,78,127,35,0,1
MC,23/03/2020,40,99,26,1,0
MD,23/03/2020,2666,10443,1050,272,228
ML,23/03/2020,0,12,1,0,0
NC,23/03/2020,128,405,45,7,4
PV,23/03/2020,307,1425,106,13,61
RI,23/03/2020,55,206,24,8,6
VC,23/03/2020,266,1562,222,21,1
AN,24/03/2020,538,1433,116,26,5
AR,24/03/2020,149,459,75,3,1
AS,24/03/2020,85,263,29,3,5
CB,24/03/2020,85,241,18,5,0
CE,24/03/2020,3,2,1,0,0
CL,24/03/2020,480,1457,170,41,73
CM,24/03/2020,315,2162,210,47,18
CN,24/03/2020,100,235,43,5,7
CT,24/03/2020,2073,4349,713,92,330
EX,24/03/2020,106,209,28,13,0
GA,24/03/2020,238,412,69,7,6
IB,24/03/2020,84,164,40,3,9
MC,24/03/2020,92,127,33,2,3
MD,24/03/2020,2888,11153,1150,290,740
ML,24/03/2020,10,14,2,0,0
NC,24/03/2020,183,506,51,2,12
PV,24/03/2020,543,1577,119,22,122
RI,24/03/2020,126,254,33,7,19
VC,24/03/2020,449,1842,255,28,7
AN,25/03/2020,396,1626,134,21,6
AR,25/03/2020,209,562,93,8,0
AS,25/03/2020,65,300,34,2,5
CB,25/03/2020,161,300,26,3,2
CE,25/03/2020,1,2,2,0,0
CL,25/03/2020,548,1823,202,41,95
CM,25/03/2020,603,2162,243,53,24
CN,25/03/2020,127,279,45,3,3
CT,25/03/2020,1655,5371,764,116,47
EX,25/03/2020,227,241,34,19,16
GA,25/03/2020,262,503,86,5,22
IB,25/03/2020,98,205,43,4,11
MC,25/03/2020,119,172,36,3,5
MD,25/03/2020,2940,12440,1221,265,851
ML,25/03/2020,1,16,2,1,0
NC,25/03/2020,214,649,54,16,12
PV,25/03/2020,675,1907,137,25,155
RI,25/03/2020,67,316,36,6,5
VC,25/03/2020,584,2097,289,24,13
AN,26/03/2020,386,1843,148,10,15
AR,26/03/2020,222,693,114,10,4
AS,26/03/2020,81,339,47,2,12
CB,26/03/2020,139,355,29,4,5
CE,26/03/2020,7,2,2,0,0
CL,26/03/2020,644,2214,228,46,115
CM,26/03/2020,551,2707,273,51,58
CN,26/03/2020,94,328,61,3,2
CT,26/03/2020,1348,6714,972,184,474
EX,26/03/2020,262,277,41,11,9
GA,26/03/2020,407,557,98,11,20
IB,26/03/2020,95,237,46,5,28
MC,26/03/2020,118,209,53,7,3
MD,26/03/2020,3366,13580,1312,322,1162
ML,26/03/2020,3,18,2,0,0
NC,26/03/2020,230,732,75,9,35
PV,26/03/2020,655,2270,154,27,193
RI,26/03/2020,241,388,43,12,14
VC,26/03/2020,332,2357,325,31,16
AN,27/03/2020,481,2106,172,31,47
AR,27/03/2020,254,835,124,35,0
AS,27/03/2020,82,408,50,4,13
CB,27/03/2020,127,406,37,1,2
CE,27/03/2020,0,2,2,1,0
CL,27/03/2020,659,2648,249,69,162
CM,27/03/2020,578,2977,289,81,44
CN,27/03/2020,147,377,68,9,5
CT,27/03/2020,1323,7954,1036,142,235
EX,27/03/2020,163,312,40,19,16
GA,27/03/2020,450,906,112,4,28
IB,27/03/2020,107,283,59,4,13
MC,27/03/2020,88,231,58,2,0
MD,27/03/2020,2357,14211,1404,345,1282
ML,27/03/2020,3,22,2,0,0
NC,27/03/2020,188,827,84,12,28
PV,27/03/2020,535,2612,176,34,209
RI,27/03/2020,200,458,43,10,302
VC,27/03/2020,502,2606,348,36,19
AN,28/03/2020,405,2294,201,32,9
AR,28/03/2020,266,835,124,11,0
AS,28/03/2020,95,466,57,8,11
CB,28/03/2020,86,449,40,4,3
CE,28/03/2020,4,2,2,0,0
CL,28/03/2020,623,3160,278,59,167
CM,28/03/2020,734,3018,299,91,39
CN,28/03/2020,100,425,78,3,5
CT,28/03/2020,762,8447,1080,77,249
EX,28/03/2020,62,313,41,12,2
GA,28/03/2020,367,1043,123,13,58
IB,28/03/2020,96,345,71,3,2
MC,28/03/2020,70,260,58,3,4
MD,28/03/2020,1019,14454,1429,325,1165
ML,28/03/2020,3,24,2,0,0
NC,28/03/2020,182,896,90,14,27
PV,28/03/2020,604,3106,271,24,480
RI,28/03/2020,193,497,43,3,33
VC,28/03/2020,750,2773,375,33,69
AN,29/03/2020,722,2671,216,29,7
AR,29/03/2020,220,1094,156,2,166
AS,29/03/2020,79,479,60,8,2
CB,29/03/2020,77,481,46,1,0
CE,29/03/2020,4,2,2,0,0
CL,29/03/2020,387,3411,307,62,119
CM,29/03/2020,612,3134,302,83,16
CN,29/03/2020,79,444,84,1,2
CT,29/03/2020,1079,9126,1150,79,202
EX,29/03/2020,104,353,43,6,9
GA,29/03/2020,584,1147,134,6,15
IB,29/03/2020,42,353,80,8,18
MC,29/03/2020,67,265,58,5,1
MD,29/03/2020,872,14917,1460,310,810
ML,29/03/2020,3,27,3,0,0
NC,29/03/2020,135,955,96,18,36
PV,29/03/2020,317,3427,293,32,143
RI,29/03/2020,104,517,43,3,34
VC,29/03/2020,326,2914,393,43,24
AN,30/03/2020,411,2867,235,12,5
AR,30/03/2020,194,1176,165,32,30
AS,30/03/2020,79,529,65,6,12
CB,30/03/2020,71,522,50,10,11
CE,30/03/2020,9,3,3,0,0
CL,30/03/2020,410,3629,325,74,157
CM,30/03/2020,566,3225,344,86,44
CN,30/03/2020,58,483,94,15,25
CT,30/03/2020,2416,9925,1218,233,465
EX,30/03/2020,68,371,51,27,31
GA,30/03/2020,316,1250,149,18,19
IB,30/03/2020,69,399,85,5,11
MC,30/03/2020,35,283,59,9,3
MD,30/03/2020,2544,15140,1514,211,1029
ML,30/03/2020,3,27,3,0,0
NC,30/03/2020,159,1035,99,11,31
PV,30/03/2020,263,3594,307,28,150
RI,30/03/2020,77,575,51,14,65
VC,30/03/2020,398,3111,416,29,15
AN,31/03/2020,570,3147,260,60,22
AR,31/03/2020,219,1234,168,31,53
AS,31/03/2020,62,590,76,8,19
CB,31/03/2020,42,543,54,17,8
CE,31/03/2020,17,6,3,0,0
CL,31/03/2020,636,3951,345,69,231
CM,31/03/2020,623,3230,353,66,101
CN,31/03/2020,118,532,110,7,20
CT,31/03/2020,1471,11446,1345,242,444
EX,31/03/2020,51,372,58,19,22
GA,31/03/2020,393,1338,158,19,72
IB,31/03/2020,62,468,95,4,59
MC,31/03/2020,67,304,59,3,23
MD,31/03/2020,1799,15227,1514,262,1497
ML,31/03/2020,8,32,3,0,0
NC,31/03/2020,192,1120,104,17,44
PV,31/03/2020,518,3806,324,44,369
RI,31/03/2020,150,619,54,5,73
VC,31/03/2020,414,3253,434,56,40
AN,01/04/2020,578,3444,280,35,46
AR,01/04/2020,209,1320,178,31,63
AS,01/04/2020,81,640,79,6,26
CB,01/04/2020,55,567,57,6,17
CE,01/04/2020,4,7,3,0,0
CL,01/04/2020,508,4207,353,56,239
CM,01/04/2020,635,3230,355,80,97
CN,01/04/2020,64,566,113,6,17
CT,01/04/2020,1813,12398,1415,171,606
EX,01/04/2020,158,412,62,29,26
GA,01/04/2020,410,1447,165,17,74
IB,01/04/2020,73,517,105,12,69
MC,01/04/2020,43,389,68,5,2
MD,01/04/2020,1772,15227,1528,310,1573
ML,01/04/2020,0,32,3,0,0
NC,01/04/2020,185,1181,108,11,42
PV,01/04/2020,479,4087,344,43,325
RI,01/04/2020,123,660,57,11,72
VC,01/04/2020,386,3389,449,48,192
AN,02/04/2020,396,3673,338,33,30
AR,02/04/2020,189,1431,180,24,58
AS,02/04/2020,60,702,86,1,19
CB,02/04/2020,53,592,59,4,14
CE,02/04/2020,7,8,3,0,2
CL,02/04/2020,520,4472,355,82,261
CM,02/04/2020,841,3168,355,62,85
CN,02/04/2020,46,605,120,5,8
CT,02/04/2020,1656,13101,1482,155,193
EX,02/04/2020,56,415,64,19,25
GA,02/04/2020,377,1630,178,18,102
IB,02/04/2020,53,587,112,11,136
MC,02/04/2020,61,405,72,4,45
MD,02/04/2020,1815,15050,1506,308,1450
ML,02/04/2020,8,34,3,1,4
NC,02/04/2020,154,1284,119,10,16
PV,02/04/2020,510,4283,363,32,319
RI,02/04/2020,141,738,64,8,104
VC,02/04/2020,316,3492,460,68,160
AN,03/04/2020,494,3896,364,50,205
AR,03/04/2020,189,1505,190,27,62
AS,03/04/2020,62,766,87,6,36
CB,03/04/2020,63,619,60,4,25
CE,03/04/2020,11,8,4,0,0
CL,03/04/2020,457,4685,348,63,262
CM,03/04/2020,801,3133,360,73,78
CN,03/04/2020,74,632,128,5,21
CT,03/04/2020,1274,14251,1569,144,713
EX,03/04/2020,86,453,64,8,41
GA,03/04/2020,406,1767,178,21,96
IB,03/04/2020,14,634,114,2,47
MC,03/04/2020,43,434,79,5,23
MD,03/04/2020,1718,14741,1498,240,1512
ML,03/04/2020,9,37,3,0,5
NC,03/04/2020,136,1341,120,20,17
PV,03/04/2020,360,4522,377,33,289
RI,03/04/2020,181,805,64,19,98
VC,03/04/2020,277,3560,470,60,103
AN,04/04/2020,432,4107,474,44,202
AR,04/04/2020,154,1588,233,19,97
AS,04/04/2020,42,808,90,4,26
CB,04/04/2020,57,639,62,0,14
CE,04/04/2020,10,9,4,1,0
CL,04/04/2020,417,4905,351,61,310
CM,04/04/2020,707,2950,357,66,492
CN,04/04/2020,58,644,129,2,14
CT,04/04/2020,1298,14798,1653,125,560
EX,04/04/2020,68,417,66,10,10
GA,04/04/2020,319,1831,170,15,56
IB,04/04/2020,22,664,120,4,39
MC,04/04/2020,47,447,80,8,17
MD,04/04/2020,883,14551,1499,218,1181
ML,04/04/2020,4,38,3,0,2
NC,04/04/2020,101,1399,123,7,23
PV,04/04/2020,441,4666,404,38,307
RI,04/04/2020,187,855,66,6,61
VC,04/04/2020,283,3620,478,42,117
AN,05/04/2020,280,4227,489,21,133
AR,05/04/2020,115,1637,237,14,28
AS,05/04/2020,53,846,90,6,6
CB,05/04/2020,42,658,65,9,5
CE,05/04/2020,0,9,4,1,0
CL,05/04/2020,367,5041,348,72,202
CM,05/04/2020,571,2901,354,77,110
CN,05/04/2020,27,651,133,5,20
CT,05/04/2020,792,15258,1685,114,225
EX,05/04/2020,21,453,66,10,8
GA,05/04/2020,207,1916,170,16,23
IB,05/04/2020,27,683,121,6,70
MC,05/04/2020,24,468,81,9,26
MD,05/04/2020,520,14501,1510,195,779
ML,05/04/2020,3,38,3,0,0
NC,05/04/2020,158,1432,124,9,46
PV,05/04/2020,182,4794,410,33,163
RI,05/04/2020,127,888,66,7,60
VC,05/04/2020,150,3668,487,24,118
AN,06/04/2020,184,4335,499,37,102
AR,06/04/2020,102,1663,247,28,13
AS,06/04/2020,24,889,91,10,22
CB,06/04/2020,18,677,66,8,11
CE,06/04/2020,0,9,4,1,0
CL,06/04/2020,465,5180,346,63,178
CM,06/04/2020,475,2908,360,45,94
CN,06/04/2020,76,689,137,4,29
CT,06/04/2020,1499,15643,1740,162,776
EX,06/04/2020,48,686,70,30,59
GA,06/04/2020,180,1968,162,14,78
IB,06/04/2020,49,705,124,3,6
MC,06/04/2020,0,500,84,10,37
MD,06/04/2020,1551,13950,1494,235,1088
ML,06/04/2020,6,40,3,0,0
NC,06/04/2020,124,1488,124,15,41
PV,06/04/2020,164,4856,417,38,160
RI,06/04/2020,127,918,66,19,30
VC,06/04/2020,109,3698,492,35,173
AN,07/04/2020,230,4463,520,77,141
AR,07/04/2020,100,1716,255,37,81
AS,07/04/2020,41,958,91,6,50
CB,07/04/2020,71,700,69,7,46
CE,07/04/2020,1,9,4,0,5
CL,07/04/2020,477,5322,342,46,277
CM,07/04/2020,711,2731,354,78,204
CN,07/04/2020,37,703,138,2,63
CT,07/04/2020,1324,16235,1829,133,1170
EX,07/04/2020,68,898,98,13,46
GA,07/04/2020,207,2014,158,9,112
IB,07/04/2020,43,731,129,5,79
MC,07/04/2020,38,515,86,7,10
MD,07/04/2020,1377,13289,1450,215,1426
ML,07/04/2020,1,40,3,0,1
NC,07/04/2020,112,1526,124,4,29
PV,07/04/2020,418,4982,430,49,423
RI,07/04/2020,105,955,68,17,67
VC,07/04/2020,212,3713,496,52,241
AN,08/04/2020,261,4599,538,47,152
AR,08/04/2020,136,1765,261,36,59
AS,08/04/2020,49,1018,94,8,46
CB,08/04/2020,47,720,71,6,39
CE,08/04/2020,0,9,4,0,0
CL,08/04/2020,460,5523,338,54,254
CM,08/04/2020,701,2575,342,67,209
CN,08/04/2020,72,730,140,1,110
CT,08/04/2020,1396,16970,1946,205,694
EX,08/04/2020,89,958,99,12,53
GA,08/04/2020,220,2094,155,18,110
IB,08/04/2020,36,751,132,0,80
MC,08/04/2020,25,533,87,3,16
MD,08/04/2020,1411,12853,1433,214,1285
ML,08/04/2020,0,40,3,0,4
NC,08/04/2020,108,1526,124,8,12
PV,08/04/2020,348,5130,433,54,363
RI,08/04/2020,75,997,69,5,111
VC,08/04/2020,309,3815,541,43,428
AN,09/04/2020,248,4715,582,39,244
AR,09/04/2020,146,1822,263,24,79
AS,09/04/2020,40,1083,100,11,32
CB,09/04/2020,40,747,73,4,51
CE,09/04/2020,7,9,4,0,5
CL,09/04/2020,584,5674,332,47,264
CM,09/04/2020,574,2359,329,109,216
CN,09/04/2020,24,738,141,2,27
CT,09/04/2020,781,17780,1966,120,691
EX,09/04/2020,59,1003,101,5,16
GA,09/04/2020,188,2165,151,12,87
IB,09/04/2020,40,777,136,8,41
MC,09/04/2020,16,533,88,2,36
MD,09/04/2020,938,12432,1399,172,1293
ML,09/04/2020,2,41,3,0,1
NC,09/04/2020,173,1620,124,4,98
PV,09/04/2020,252,5290,442,40,166
RI,09/04/2020,50,1047,71,14,84
VC,09/04/2020,367,3987,561,29,313
AN,10/04/2020,200,4808,602,46,193
AR,10/04/2020,138,1860,266,16,91
AS,10/04/2020,52,1147,105,7,42
CB,10/04/2020,60,773,75,5,16
CE,10/04/2020,2,9,4,0,5
CL,10/04/2020,441,5817,327,51,251
CM,10/04/2020,393,2198,316,52,223
CN,10/04/2020,29,745,144,1,46
CT,10/04/2020,1160,18194,1989,90,562
EX,10/04/2020,154,1052,104,15,65
GA,10/04/2020,230,2215,144,18,85
IB,10/04/2020,19,778,137,5,20
MC,10/04/2020,33,533,88,4,20
MD,10/04/2020,850,11894,1376,112,1249
ML,10/04/2020,3,43,3,0,1
NC,10/04/2020,69,1641,124,9,43
PV,10/04/2020,321,5402,453,36,61
RI,10/04/2020,147,1082,73,11,81
VC,10/04/2020,247,4132,565,22,204
AN,11/04/2020,294,4950,619,62,208
AR,11/04/2020,101,1901,272,25,46
AS,11/04/2020,81,1208,106,12,16
CB,11/04/2020,33,805,75,3,16
CE,11/04/2020,0,9,4,0,0
CL,11/04/2020,575,5957,323,41,253
CM,11/04/2020,242,6838,316,60,160
CN,11/04/2020,31,758,144,0,15
CT,11/04/2020,1043,18772,2018,98,343
EX,11/04/2020,94,1074,106,9,19
GA,11/04/2020,160,2306,140,13,61
IB,11/04/2020,27,805,142,10,91
MC,11/04/2020,9,537,91,3,69
MD,11/04/2020,533,11424,1332,194,1020
ML,11/04/2020,0,43,3,0,0
NC,11/04/2020,152,1663,124,5,47
PV,11/04/2020,201,5547,459,39,126
RI,11/04/2020,56,1122,73,12,83
VC,11/04/2020,263,4149,567,20,335
AN,12/04/2020,87,4993,621,16,129
AR,12/04/2020,117,1938,274,14,12
AS,12/04/2020,28,1265,110,9,4
CB,12/04/2020,25,827,75,7,20
CE,12/04/2020,2,9,4,0,3
CL,12/04/2020,510,6077,312,42,144
CM,12/04/2020,356,7782,475,83,167
CN,12/04/2020,26,763,145,1,11
CT,12/04/2020,699,18963,2084,130,430
EX,12/04/2020,78,1096,107,9,30
GA,12/04/2020,158,2344,136,10,43
IB,12/04/2020,16,811,143,5,14
MC,12/04/2020,7,543,94,4,9
MD,12/04/2020,337,11233,1327,145,702
ML,12/04/2020,3,43,3,0,0
NC,12/04/2020,123,1693,124,7,45
PV,12/04/2020,160,5622,464,27,159
RI,12/04/2020,79,1141,73,4,38
VC,12/04/2020,219,4269,576,38,179
AN,13/04/2020,108,5054,631,21,65
AR,13/04/2020,58,1966,280,28,17
AS,13/04/2020,45,1330,111,7,24
CB,13/04/2020,19,853,76,3,6
CE,13/04/2020,1,9,4,0,2
CL,13/04/2020,552,6175,308,36,112
CM,13/04/2020,275,7830,486,88,411
CN,13/04/2020,14,771,147,6,131
CT,13/04/2020,471,19224,2102,96,347
EX,13/04/2020,26,1114,107,13,67
GA,13/04/2020,103,2403,133,6,54
IB,13/04/2020,21,826,145,1,9
MC,13/04/2020,6,566,96,5,123
MD,13/04/2020,970,10753,1299,145,862
ML,13/04/2020,0,43,3,0,0
NC,13/04/2020,58,1705,124,10,35
PV,13/04/2020,171,5679,470,28,167
RI,13/04/2020,62,1152,74,11,61
VC,13/04/2020,153,4397,581,31,266
AN,14/04/2020,223,5147,665,29,192
AR,14/04/2020,93,2006,282,22,49
AS,14/04/2020,53,1387,114,10,29
CB,14/04/2020,27,873,76,12,40
CE,14/04/2020,2,9,4,0,8
CL,14/04/2020,517,6306,306,38,255
CM,14/04/2020,351,7896,495,41,55
CN,14/04/2020,17,781,152,2,33
CT,14/04/2020,1308,20264,2189,252,1093
EX,14/04/2020,78,1155,107,8,37
GA,14/04/2020,111,2471,128,9,58
IB,14/04/2020,35,857,149,7,10
MC,14/04/2020,7,574,97,3,37
MD,14/04/2020,1072,10116,1244,156,1186
ML,14/04/2020,1,43,3,0,6
NC,14/04/2020,96,1731,124,3,78
PV,14/04/2020,169,5750,471,43,235
RI,14/04/2020,37,1182,75,12,66
VC,14/04/2020,211,4465,588,38,291
AN,15/04/2020,165,5226,671,47,410
AR,15/04/2020,73,2108,291,29,75
AS,15/04/2020,48,1432,116,2,35
CB,15/04/2020,22,890,77,5,79
CE,15/04/2020,0,9,4,0,11
CL,15/04/2020,683,6449,307,35,204
CM,15/04/2020,471,7987,503,41,380
CN,15/04/2020,13,802,156,3,51
CT,15/04/2020,849,20553,2252,165,481
EX,15/04/2020,0,1186,107,17,34
GA,15/04/2020,165,2494,123,11,85
IB,15/04/2020,31,872,152,6,37
MC,15/04/2020,16,575,97,2,3
MD,15/04/2020,893,9653,1206,153,1058
ML,15/04/2020,1,43,3,0,3
NC,15/04/2020,102,1752,124,9,37
PV,15/04/2020,189,5863,478,54,385
RI,15/04/2020,82,1207,75,11,69
VC,15/04/2020,191,4524,625,27,342
AN,16/04/2020,79,5298,675,28,156
AR,16/04/2020,78,2151,240,19,34
AS,16/04/2020,20,1474,118,6,23
CB,16/04/2020,39,903,78,7,68
CE,16/04/2020,0,9,4,0,3
CL,16/04/2020,523,6518,297,29,199
CM,16/04/2020,846,8018,511,56,222
CN,16/04/2020,21,811,159,4,57
CT,16/04/2020,962,21242,2305,134,826
EX,16/04/2020,75,1212,107,13,58
GA,16/04/2020,140,2535,117,10,73
IB,16/04/2020,31,905,152,3,20
MC,16/04/2020,8,585,99,1,29
MD,16/04/2020,834,9141,1154,130,945
ML,16/04/2020,1,44,3,0,3
NC,16/04/2020,85,1781,124,77,47
PV,16/04/2020,200,5939,484,36,331
RI,16/04/2020,8,1226,76,5,75
VC,16/04/2020,0,4605,632,27,322
AN,17/04/2020,100,5341,677,27,158
AR,17/04/2020,62,2180,243,39,0
AS,17/04/2020,22,1520,119,13,30
CB,17/04/2020,106,911,78,5,24
CE,17/04/2020,2,9,4,0,9
CL,17/04/2020,390,6831,495,28,179
CM,17/04/2020,352,8093,514,61,238
CN,17/04/2020,26,822,160,4,55
CT,17/04/2020,1627,22013,2349,127,488
EX,17/04/2020,7,1240,107,8,29
GA,17/04/2020,71,2554,115,14,51
IB,17/04/2020,56,937,157,14,20
MC,17/04/2020,6,611,102,3,93
MD,17/04/2020,805,8597,1094,125,1039
ML,17/04/2020,0,44,3,0,0
NC,17/04/2020,0,1829,127,16,62
PV,17/04/2020,150,6030,490,28,412
RI,17/04/2020,36,1249,78,10,48
VC,17/04/2020,98,4708,636,43,282
AN,18/04/2020,164,5424,687,26,168
AR,18/04/2020,57,2216,246,18,54
AS,18/04/2020,12,1571,120,9,21
CB,18/04/2020,0,924,78,4,76
CE,18/04/2020,0,9,4,0,6
CL,18/04/2020,0,6981,498,29,159
CM,18/04/2020,0,8137,518,50,125
CN,18/04/2020,12,825,162,4,4
CT,18/04/2020,505,22235,2395,54,416
EX,18/04/2020,10,1278,107,4,31
GA,18/04/2020,101,2590,112,12,29
IB,18/04/2020,16,955,160,7,35
MC,18/04/2020,8,612,102,1,14
MD,18/04/2020,484,8291,1123,107,838
ML,18/04/2020,0,44,3,0,14
NC,18/04/2020,64,1843,127,15,38
PV,18/04/2020,178,6086,499,42,416
RI,18/04/2020,53,1268,79,5,39
VC,18/04/2020,73,4781,643,23,241
AN,19/04/2020,94,5473,690,20,113
AR,19/04/2020,46,2244,248,18,3
AS,19/04/2020,9,1599,122,4,3
CB,19/04/2020,24,934,78,5,16
CE,19/04/2020,0,9,4,0,15
CL,19/04/2020,137,7080,501,35,104
CM,19/04/2020,137,8173,531,58,215
CN,19/04/2020,20,826,163,0,24
CT,19/04/2020,1228,22375,2409,76,243
EX,19/04/2020,19,1306,107,5,91
GA,19/04/2020,114,2609,108,6,12
IB,19/04/2020,9,963,161,2,12
MC,19/04/2020,2,612,103,1,10
MD,19/04/2020,206,8191,1111,112,449
ML,19/04/2020,0,44,3,0,2
NC,19/04/2020,36,1856,128,16,131
PV,19/04/2020,58,6109,501,19,152
RI,19/04/2020,28,1282,79,8,17
VC,19/04/2020,51,4827,646,14,82
AN,20/04/2020,108,5509,692,4,182
AR,20/04/2020,30,2271,250,6,4
AS,20/04/2020,10,1626,122,2,17
CB,20/04/2020,25,948,78,7,20
CE,20/04/2020,0,9,4,0,0
CL,20/04/2020,170,7174,503,28,63
CM,20/04/2020,211,8199,534,54,64
CN,20/04/2020,18,837,164,1,65
CT,20/04/2020,1436,22796,2437,143,512
EX,20/04/2020,0,1327,107,8,63
GA,20/04/2020,169,2652,101,8,40
IB,20/04/2020,18,986,161,4,0
MC,20/04/2020,5,614,104,3,40
MD,20/04/2020,607,7930,1076,109,515
ML,20/04/2020,1,44,3,0,0
NC,20/04/2020,26,1877,128,12,67
PV,20/04/2020,54,6141,507,22,153
RI,20/04/2020,20,1297,81,9,33
VC,20/04/2020,42,4866,648,10,90
AN,21/04/2020,131,5565,696,33,158
AR,21/04/2020,77,2304,252,13,348
AS,21/04/2020,14,1665,128,9,26
CB,21/04/2020,14,956,78,2,72
CE,21/04/2020,0,9,4,0,3
CL,21/04/2020,190,7264,505,33,185
CM,21/04/2020,117,8243,537,65,95
CN,21/04/2020,9,841,164,1,49
CT,21/04/2020,690,23295,2460,95,643
EX,21/04/2020,0,1349,107,7,130
GA,21/04/2020,166,2674,96,8,37
IB,21/04/2020,21,1005,166,3,12
MC,21/04/2020,10,622,104,3,59
MD,21/04/2020,589,7464,1024,117,755
ML,21/04/2020,0,44,3,0,4
NC,21/04/2020,56,1894,128,4,126
PV,21/04/2020,131,6201,513,21,374
RI,21/04/2020,20,1318,81,4,33
VC,21/04/2020,75,4896,649,17,292
AN,22/04/2020,133,5616,702,29,278
AR,22/04/2020,72,2340,253,25,150
AS,22/04/2020,5,1705,130,12,23
CB,22/04/2020,11,965,78,6,132
CE,22/04/2020,0,9,4,0,0
CL,22/04/2020,369,7397,508,28,163
CM,22/04/2020,75,8304,546,48,240
CN,22/04/2020,19,855,169,0,42
CT,22/04/2020,1090,23647,2478,96,388
EX,22/04/2020,23,1375,107,3,186
GA,22/04/2020,171,2694,92,7,51
IB,22/04/2020,19,1022,167,4,30
MC,22/04/2020,5,624,104,1,5
MD,22/04/2020,679,7077,981,107,613
ML,22/04/2020,1,44,3,0,5
NC,22/04/2020,46,1907,129,8,129
PV,22/04/2020,120,6260,516,43,485
RI,22/04/2020,37,1331,82,5,38
VC,22/04/2020,44,4917,650,18,377
AN,23/04/2020,132,5675,714,28,145
AR,23/04/2020,34,2359,254,14,101
AS,23/04/2020,4,1728,131,8,23
CB,23/04/2020,32,978,78,5,63
CE,23/04/2020,0,10,4,0,8
CL,23/04/2020,182,7506,510,30,166
CM,23/04/2020,237,8342,553,67,205
CN,23/04/2020,27,868,169,7,48
CT,23/04/2020,652,24130,2569,50,661
EX,23/04/2020,3,1413,107,4,121
GA,23/04/2020,127,2707,87,7,54
IB,23/04/2020,14,1040,166,4,34
MC,23/04/2020,8,625,105,1,25
MD,23/04/2020,423,6601,949,81,567
ML,23/04/2020,1,44,3,0,6
NC,23/04/2020,4,1915,129,8,107
PV,23/04/2020,110,6315,518,26,323
RI,23/04/2020,49,1344,82,4,27
VC,23/04/2020,70,4945,651,23,421
AN,24/04/2020,163,5715,717,24,303
AR,24/04/2020,55,2372,255,14,148
AS,24/04/2020,13,1760,132,8,28
CB,24/04/2020,16,982,78,4,133
CE,24/04/2020,0,10,4,0,14
CL,24/04/2020,298,7555,511,27,90
CM,24/04/2020,144,8385,559,37,94
CN,24/04/2020,15,878,171,2,19
CT,24/04/2020,717,24130,2576,105,615
EX,24/04/2020,0,1447,107,5,152
GA,24/04/2020,184,2722,90,6,53
IB,24/04/2020,26,1058,166,2,21
MC,24/04/2020,0,625,105,1,51
MD,24/04/2020,509,6183,892,83,690
ML,24/04/2020,1,44,3,0,16
NC,24/04/2020,46,1937,129,12,185
PV,24/04/2020,162,6375,525,19,482
RI,24/04/2020,31,1360,83,4,35
VC,24/04/2020,127,4978,653,25,224
AN,25/04/2020,68,5747,716,14,446
AR,25/04/2020,33,2395,257,3,31
AS,25/04/2020,2,1790,134,10,33
CB,25/04/2020,12,991,78,1,81
CE,25/04/2020,0,10,4,0,6
CL,25/04/2020,232,7653,515,27,175
CM,25/04/2020,100,8417,565,38,320
CN,25/04/2020,12,880,171,1,12
CT,25/04/2020,550,25665,2583,68,253
EX,25/04/2020,18,1480,107,6,72
GA,25/04/2020,60,2735,85,6,20
IB,25/04/2020,7,1062,166,1,21
MC,25/04/2020,6,627,106,1,78
MD,25/04/2020,230,5892,873,74,465
ML,25/04/2020,2,44,3,0,4
NC,25/04/2020,85,1942,129,2,98
PV,25/04/2020,89,6426,533,18,661
RI,25/04/2020,40,1380,84,4,38
VC,25/04/2020,94,5013,654,14,210
AN,26/04/2020,76,5767,720,12,149
AR,26/04/2020,30,2403,257,14,50
AS,26/04/2020,2,1814,137,4,10
CB,26/04/2020,21,995,78,3,114
CE,26/04/2020,0,10,4,0,3
CL,26/04/2020,182,7703,518,24,64
CM,26/04/2020,55,8444,579,35,86
CN,26/04/2020,11,881,171,0,0
CT,26/04/2020,944,25799,2724,133,891
EX,26/04/2020,13,1490,107,6,70
GA,26/04/2020,62,2746,83,11,13
IB,26/04/2020,5,1062,166,4,13
MC,26/04/2020,0,627,106,1,70
MD,26/04/2020,132,39472,3309,64,198
ML,26/04/2020,0,44,3,0,6
NC,26/04/2020,21,1942,130,1,83
PV,26/04/2020,58,6457,538,11,238
RI,26/04/2020,31,1392,85,5,12
VC,26/04/2020,20,5032,656,3,74
AN,27/04/2020,52,5792,721,11,149
AR,27/04/2020,19,2425,258,9,71
AS,27/04/2020,8,1843,137,8,21
CB,27/04/2020,11,1000,78,2,49
CE,27/04/2020,0,10,4,0,3
CL,27/04/2020,185,7777,522,20,51
CM,27/04/2020,42,8464,584,31,24
CN,27/04/2020,9,900,174,2,28
CT,27/04/2020,403,26230,2750,109,422
EX,27/04/2020,2,1505,107,5,81
GA,27/04/2020,90,2758,73,7,25
IB,27/04/2020,11,1074,166,2,30
MC,27/04/2020,1,629,106,2,123
MD,27/04/2020,580,39634,3338,62,276
ML,27/04/2020,4,44,3,0,5
NC,27/04/2020,26,1945,130,0,60
PV,27/04/2020,51,6482,539,14,134
RI,27/04/2020,5,1400,87,6,15
VC,27/04/2020,24,5046,659,11,106
AN,28/04/2020,82,5831,722,20,233
AR,28/04/2020,38,2454,258,1,108
AS,28/04/2020,17,1886,137,5,29
CB,28/04/2020,31,1006,79,3,82
CE,28/04/2020,1,10,4,0,4
CL,28/04/2020,101,7854,524,26,125
CM,28/04/2020,79,8523,588,40,76
CN,28/04/2020,15,906,175,1,32
CT,28/04/2020,496,26546,2768,97,741
EX,28/04/2020,13,1526,107,7,64
GA,28/04/2020,0,2736,308,135,3552
IB,28/04/2020,9,1079,166,4,30
MC,28/04/2020,5,635,106,0,40
MD,28/04/2020,466,39850,3355,57,473
ML,28/04/2020,0,44,3,0,3
NC,28/04/2020,35,1951,130,16,104
PV,28/04/2020,55,6522,540,19,500
RI,28/04/2020,13,1413,87,4,27
VC,28/04/2020,32,5072,662,18,176
AN,29/04/2020,40,5873,721,19,438
AR,29/04/2020,49,2477,258,3,102
AS,29/04/2020,17,1915,137,7,26
CB,29/04/2020,27,1007,79,0,111
CE,29/04/2020,0,10,4,0,12
CL,29/04/2020,195,7957,528,16,121
CM,29/04/2020,47,8567,592,27,130
CN,29/04/2020,3,909,175,1,24
CT,29/04/2020,262,26763,2784,70,555
EX,29/04/2020,21,1550,108,6,90
GA,29/04/2020,22,2747,310,0,180
IB,29/04/2020,4,1082,167,3,23
MC,29/04/2020,6,637,108,0,49
MD,29/04/2020,339,40076,3377,71,393
ML,29/04/2020,0,44,3,0,1
NC,29/04/2020,21,1965,132,3,31
PV,29/04/2020,82,6561,541,22,462
RI,29/04/2020,8,1424,88,2,68
VC,29/04/2020,95,5096,663,18,287
AN,30/04/2020,113,5935,729,31,624
AR,30/04/2020,25,2494,260,10,91
AS,30/04/2020,5,1938,140,0,25
CB,30/04/2020,11,1009,79,1,26
CE,30/04/2020,0,10,4,0,12
CL,30/04/2020,108,8010,531,18,117
CM,30/04/2020,78,8618,596,35,103
CN,30/04/2020,1,914,175,1,20
CT,30/04/2020,391,26932,2795,86,25
EX,30/04/2020,26,1565,108,5,73
GA,30/04/2020,151,2759,313,8,243
IB,30/04/2020,11,1090,167,5,26
MC,30/04/2020,2,638,109,2,27
MD,30/04/2020,260,40293,3392,46,447
ML,30/04/2020,1,44,3,0,0
NC,30/04/2020,33,1977,132,7,72
PV,30/04/2020,123,6607,544,16,444
RI,30/04/2020,18,1433,88,1,61
VC,30/04/2020,16,5126,694,9,192
AN,01/05/2020,46,5961,735,15,487
AR,01/05/2020,20,2503,260,12,92
AS,01/05/2020,0,1974,141,6,30
CB,01/05/2020,17,1009,79,1,42
CE,01/05/2020,0,10,4,0,2
CL,01/05/2020,172,8054,531,18,127
CM,01/05/2020,57,8645,601,36,87
CN,01/05/2020,6,918,175,4,0
CT,01/05/2020,543,27049,2811,76,273
EX,01/05/2020,13,1592,108,7,57
GA,01/05/2020,54,2769,313,2,165
IB,01/05/2020,8,1094,167,4,23
MC,01/05/2020,3,639,110,0,22
MD,01/05/2020,114,40457,3404,70,376
ML,01/05/2020,0,44,3,0,0
NC,01/05/2020,40,1979,132,2,96
PV,01/05/2020,63,6659,551,9,425
RI,01/05/2020,11,1439,88,1,59
VC,01/05/2020,64,5153,695,13,209
AN,02/05/2020,35,5961,736,3,76
AR,02/05/2020,28,2519,260,0,84
AS,02/05/2020,1,1995,142,1,18
CB,02/05/2020,4,1010,79,2,65
CE,02/05/2020,0,10,4,0,1
CL,02/05/2020,118,8085,533,12,43
CM,02/05/2020,50,8676,604,31,70
CN,02/05/2020,9,919,175,0,1
CT,02/05/2020,384,27257,2844,48,419
EX,02/05/2020,20,1603,108,2,55
GA,02/05/2020,65,2774,315,6,94
IB,02/05/2020,6,1099,167,0,16
MC,02/05/2020,1,641,110,2,9
MD,02/05/2020,117,40597,3421,40,174
ML,02/05/2020,2,44,3,0,2
NC,02/05/2020,14,1986,133,2,130
PV,02/05/2020,51,6692,553,8,219
RI,02/05/2020,5,1446,88,1,18
VC,02/05/2020,25,5181,698,6,160
AN,03/05/2020,19,5973,738,7,124
AR,03/05/2020,24,2526,260,1,66
AS,03/05/2020,2,2014,142,4,9
CB,03/05/2020,1,1011,79,2,0
CE,03/05/2020,0,10,4,0,1
CL,03/05/2020,51,8123,534,18,44
CM,03/05/2020,33,8698,606,25,22
CN,03/05/2020,4,919,175,1,16
CT,03/05/2020,132,27321,2847,35,1566
EX,03/05/2020,5,1618,108,0,18
GA,03/05/2020,44,2782,315,6,159
IB,03/05/2020,0,1102,167,0,10
MC,03/05/2020,0,645,110,0,17
MD,03/05/2020,109,40741,3431,44,104
ML,03/05/2020,2,44,3,0,3
NC,03/05/2020,16,1990,133,4,83
PV,03/05/2020,14,6719,554,12,131
RI,03/05/2020,9,1449,88,0,15
VC,03/05/2020,0,5204,700,5,59
AN,04/05/2020,16,5983,738,4,209
AR,04/05/2020,19,2539,260,8,80
AS,04/05/2020,1,2046,142,0,19
CB,04/05/2020,1,1015,79,1,48
CE,04/05/2020,0,10,4,0,3
CL,04/05/2020,95,8153,537,14,35
CM,04/05/2020,30,8725,609,26,30
CN,04/05/2020,6,920,176,1,24
CT,04/05/2020,405,27745,2856,50,655
EX,04/05/2020,3,1629,108,2,56
GA,04/05/2020,40,2792,317,4,327
IB,04/05/2020,2,1110,168,1,13
MC,04/05/2020,4,650,111,2,104
MD,04/05/2020,310,40851,3442,44,194
ML,04/05/2020,0,44,3,0,0
NC,04/05/2020,18,1995,134,5,68
PV,04/05/2020,13,6736,556,12,96
RI,04/05/2020,6,1452,90,1,33
VC,04/05/2020,64,5214,701,10,149
AN,05/05/2020,26,6012,740,14,449
AR,05/05/2020,24,2552,260,18,86
AS,05/05/2020,11,2081,142,3,17
CB,05/05/2020,6,1018,79,1,38
CE,05/05/2020,8,10,4,0,5
CL,05/05/2020,91,8246,538,15,101
CM,05/05/2020,64,8765,612,31,38
CN,05/05/2020,0,920,176,1,33
CT,05/05/2020,153,28085,2871,75,328
EX,05/05/2020,13,1650,108,1,43
GA,05/05/2020,46,2811,319,9,241
IB,05/05/2020,11,1122,168,1,14
MC,05/05/2020,2,650,111,0,84
MD,05/05/2020,295,41031,3465,46,329
ML,05/05/2020,0,44,3,0,3
NC,05/05/2020,30,2005,135,5,66
PV,05/05/2020,43,6781,559,11,498
RI,05/05/2020,13,1458,91,1,51
VC,05/05/2020,37,5225,701,12,92
AN,06/05/2020,32,6027,742,13,397
AR,06/05/2020,27,2564,262,12,90
AS,06/05/2020,0,2117,143,5,18
CB,06/05/2020,7,1020,79,1,62
CE,06/05/2020,0,10,4,0,0
CL,06/05/2020,105,8300,541,17,113
CM,06/05/2020,40,8796,613,30,33
CN,06/05/2020,4,921,176,1,35
CT,06/05/2020,266,28248,2891,49,350
EX,06/05/2020,12,1664,108,4,76
GA,06/05/2020,37,2833,320,4,157
IB,06/05/2020,8,1132,168,2,24
MC,06/05/2020,3,652,111,1,62
MD,06/05/2020,244,41159,3485,38,339
ML,06/05/2020,0,44,3,0,4
NC,06/05/2020,17,2015,135,4,104
PV,06/05/2020,33,6797,561,19,321
RI,06/05/2020,6,1463,91,1,61
VC,06/05/2020,55,5252,704,12,263
AN,07/05/2020,19,6038,742,7,359
AR,07/05/2020,16,2578,263,15,73
AS,07/05/2020,10,2141,144,0,12
CB,07/05/2020,12,1022,79,1,28
CE,07/05/2020,0,11,4,0,4
CL,07/05/2020,91,8357,543,12,82
CM,07/05/2020,53,8828,617,36,86
CN,07/05/2020,5,927,176,4,60
CT,07/05/2020,543,28608,2949,77,433
EX,07/05/2020,23,1678,109,5,47
GA,07/05/2020,50,2857,321,2,179
IB,07/05/2020,6,1135,168,1,29
MC,07/05/2020,3,659,113,0,135
MD,07/05/2020,180,41304,3493,48,305
ML,07/05/2020,0,44,3,0,0
NC,07/05/2020,23,2015,135,4,95
PV,07/05/2020,60,6818,566,7,470
RI,07/05/2020,6,1469,91,4,69
VC,07/05/2020,27,5287,706,6,171
AN,08/05/2020,11,6069,745,16,344
AR,08/05/2020,17,2583,263,8,53
AS,08/05/2020,6,2166,145,1,29
CB,08/05/2020,9,1023,79,0,76
CE,08/05/2020,1,11,4,0,0
CL,08/05/2020,91,8394,546,9,86
CM,08/05/2020,41,8867,621,25,81
CN,08/05/2020,10,935,178,0,24
CT,08/05/2020,202,28687,2983,36,399
EX,08/05/2020,7,1695,109,5,42
GA,08/05/2020,32,2876,323,3,87
IB,08/05/2020,9,1141,169,5,21
MC,08/05/2020,2,662,113,1,105
MD,08/05/2020,73,41436,3508,46,252
ML,08/05/2020,0,44,3,0,0
NC,08/05/2020,33,2021,135,3,90
PV,08/05/2020,10,6865,568,13,445
RI,08/05/2020,8,1473,91,2,55
VC,08/05/2020,42,5317,709,6,615
